{"proxies":{"com.francisco.gyroscope.GyroscopeModule":{"superPackageName":"org.appcelerator.kroll","superProxyBindingClassName":"org.appcelerator.kroll.KrollModuleBindingGen","proxyClassName":"GyroscopeModule","proxyAttrs":{"propertyAccessors":[],"fullAPIName":"Gyroscope","name":"Gyroscope","proxyClassName":"com.francisco.gyroscope.GyroscopeModule","isTopLevel":false,"id":"com.francisco.gyroscope"},"packageName":"com.francisco.gyroscope","sourceName":"com.francisco.gyroscope.GyroscopeModuleBindingGen","isTitaniumSdk":false,"superProxyClassName":"KrollModule","isModule":true,"genClassName":"GyroscopeModuleBindingGen"}},"modules":{"com.francisco.gyroscope.GyroscopeModule":{"apiName":"Gyroscope"}}}