{"proxies":{"com.francisco.magnetometer.MagnetometerModule":{"superPackageName":"org.appcelerator.kroll","superProxyBindingClassName":"org.appcelerator.kroll.KrollModuleBindingGen","proxyClassName":"MagnetometerModule","proxyAttrs":{"propertyAccessors":[],"fullAPIName":"Magnetometer","name":"Magnetometer","proxyClassName":"com.francisco.magnetometer.MagnetometerModule","isTopLevel":false,"id":"com.francisco.magnetometer"},"packageName":"com.francisco.magnetometer","sourceName":"com.francisco.magnetometer.MagnetometerModuleBindingGen","isTitaniumSdk":false,"superProxyClassName":"KrollModule","isModule":true,"genClassName":"MagnetometerModuleBindingGen"}},"modules":{"com.francisco.magnetometer.MagnetometerModule":{"apiName":"Magnetometer"}}}