{"proxies":{"com.francisco.linearacc.LinearaccModule":{"superPackageName":"org.appcelerator.kroll","superProxyBindingClassName":"org.appcelerator.kroll.KrollModuleBindingGen","proxyClassName":"LinearaccModule","proxyAttrs":{"propertyAccessors":[],"fullAPIName":"Linearacc","name":"Linearacc","proxyClassName":"com.francisco.linearacc.LinearaccModule","isTopLevel":false,"id":"com.francisco.linearacc"},"packageName":"com.francisco.linearacc","sourceName":"com.francisco.linearacc.LinearaccModuleBindingGen","isTitaniumSdk":false,"superProxyClassName":"KrollModule","isModule":true,"genClassName":"LinearaccModuleBindingGen"}},"modules":{"com.francisco.linearacc.LinearaccModule":{"apiName":"Linearacc"}}}