{"proxies":{"com.francisco.pressure.PressureModule":{"superPackageName":"org.appcelerator.kroll","superProxyBindingClassName":"org.appcelerator.kroll.KrollModuleBindingGen","proxyClassName":"PressureModule","proxyAttrs":{"propertyAccessors":[],"fullAPIName":"Pressure","name":"Pressure","proxyClassName":"com.francisco.pressure.PressureModule","isTopLevel":false,"id":"com.francisco.pressure"},"packageName":"com.francisco.pressure","sourceName":"com.francisco.pressure.PressureModuleBindingGen","isTitaniumSdk":false,"superProxyClassName":"KrollModule","isModule":true,"genClassName":"PressureModuleBindingGen"}},"modules":{"com.francisco.pressure.PressureModule":{"apiName":"Pressure"}}}